1,164.30.8.42,Германия
2,15.227.66.159,США
3,114.0.179.225,Индонезия
4,152.107.98.15,ЮАР
5,237.206.96.214,
6,132.241.17.218,США
7,217.89.121.82,Германия
8,180.128.120.128,Таиланд
9,10.181.230.218,
10,128.170.64.208,США
11,22.91.86.202,США
12,39.172.185.94,Пакистан
13,86.143.241.239,Великобритания
14,171.216.194.138,Китай
15,233.107.243.158,
16,1.220.151.1,Южная Корея
17,67.57.91.145,США
18,163.185.27.152,США
19,170.246.45.179,Бразилия
20,155.208.166.116,США
21,52.72.2.62,США
22,16.30.16.201,США
23,24.207.227.85,США
24,55.8.197.38,США
25,20.70.102.115,США
26,15.180.9.165,США
27,122.203.75.149,Южная Корея
28,168.246.227.45,Бразилия
29,171.193.41.7,США
30,121.213.34.38,Австралия
31,82.24.172.10,Великобритания
32,25.12.245.216,Великобритания
33,11.179.172.205,США
34,16.247.25.198,США
35,252.214.84.92,
36,111.208.35.89,Китай
37,140.130.48.24,Тайвань
38,240.135.41.89,
39,214.168.201.68,США
40,65.191.218.164,США
41,119.40.104.3,Австралия
42,146.29.170.153,США
43,209.95.71.157,США
44,129.59.105.47,США
45,194.170.93.236,ОАЭ
46,207.102.38.250,Канада
47,128.27.113.37,Япония
48,64.159.37.8,США
49,16.134.192.203,США
50,181.47.13.246,Аргентина
51,158.55.171.159,США
52,73.59.130.154,США
53,47.47.119.2,США
54,209.125.255.194,США
55,208.202.13.106,США
56,22.215.119.237,США
57,249.125.162.237,
58,135.114.251.220,США
59,227.231.135.51,
60,241.159.162.102,
61,221.129.33.89,Китай
62,75.117.110.12,США
63,144.154.171.33,США
64,247.13.106.37,
65,183.212.49.126,Гонконг
66,64.219.247.205,США
67,226.70.140.49,
68,99.143.27.102,США
69,150.73.34.161,Япония
70,180.245.43.107,Индонезия
71,109.212.160.107,Франция
72,220.45.25.190,Япония
73,109.20.114.95,Франция
74,88.94.104.98,Норвегия
75,154.42.158.64,Израиль
76,89.147.55.127,Саудовская Аравия
77,92.7.155.145,Великобритания
78,97.21.77.200,США
79,95.129.142.83,Россия
80,27.124.142.36,Южная Корея
81,241.89.14.190,
82,206.18.229.16,США
83,5.89.83.20,Италия
84,152.162.26.143,США
85,2.33.168.159,Италия
86,182.190.208.6,Пакистан
87,64.28.76.120,США
88,51.143.61.141,США
89,101.137.251.247,Тайвань
90,70.197.124.186,США
91,178.176.85.187,Россия
92,135.70.2.116,США
93,99.30.57.204,США
94,58.151.213.64,Южная Корея
95,196.245.86.121,США
96,137.169.44.36,США
97,211.178.141.240,Южная Корея
98,163.177.212.196,Китай
99,196.115.211.233,Марокко
100,35.100.36.20,США
101,17.17.129.210,США
102,75.223.77.112,США
103,38.35.38.101,США
104,43.126.202.130,Япония
105,106.32.135.104,Китай
106,238.201.179.200,
107,199.113.38.34,США
108,147.42.83.4,США
109,148.110.179.251,Люксембург
110,244.112.141.107,
111,54.142.244.244,США
112,44.171.202.255,США
113,170.42.135.135,США
114,172.27.107.17,
115,237.134.190.255,
116,247.143.216.108,
117,190.36.225.207,Венесуэла
118,222.133.115.74,Китай
119,117.200.172.59,Индия
120,160.227.79.231,Марокко
121,75.253.63.156,США
122,250.245.205.101,
123,230.0.255.166,
124,151.79.112.77,Италия
125,222.45.208.201,Китай
126,197.161.230.145,Египет
127,117.48.37.148,Китай
128,77.234.234.235,Словакия
129,90.193.32.160,Великобритания
130,5.68.141.137,Великобритания
131,111.10.43.60,Китай
132,25.226.9.148,Великобритания
133,160.54.56.36,Германия
134,46.103.22.133,Греция
135,185.173.181.152,Люксембург
136,40.231.92.112,США
137,173.56.117.58,США
138,243.200.44.96,
139,99.60.82.81,США
140,110.241.111.50,Таиланд
141,165.176.232.246,США
142,219.14.98.172,Япония
143,8.165.58.237,Китай
144,254.189.63.204,
145,51.6.67.90,Великобритания
146,174.42.140.109,США
147,246.159.213.3,
148,202.233.198.34,Япония
149,198.241.2.232,США
150,120.201.223.141,Австралия
151,86.46.43.36,Ирландия
152,146.108.202.118,
153,191.114.85.124,Чили
154,203.2.80.129,Австралия
155,153.182.193.49,Япония
156,197.167.144.227,Египет
157,140.25.177.123,США
158,80.16.162.54,Италия
159,19.238.248.169,США
160,45.77.219.48,США
161,196.192.120.64,Маврикий
162,89.4.203.8,Саудовская Аравия
163,39.156.183.218,Пакистан
164,73.230.89.113,США
165,36.69.133.226,Индонезия
166,28.247.173.12,США
167,85.157.96.202,Финляндия
168,102.125.143.214,Судан
169,6.10.71.29,США
170,223.111.117.136,Китай
171,49.49.99.97,Таиланд
172,3.88.64.100,США
173,128.139.187.156,Израиль
174,221.102.118.151,Япония
175,60.48.27.196,Малайзия
176,103.14.199.17,Индия
177,32.81.190.104,США
178,141.233.242.146,Австралия
179,223.147.123.181,Китай
180,36.159.100.20,Индонезия
181,158.251.16.246,Швеция
182,151.197.58.133,США
183,45.241.102.117,Бразилия
184,211.42.202.29,Южная Корея
185,6.141.119.98,США
186,147.35.240.253,США
187,116.164.117.70,Китай
188,242.135.83.233,
189,202.29.8.254,Таиланд
190,220.211.202.24,Япония
191,198.132.238.50,США
192,159.61.211.248,США
193,166.41.167.138,США
194,242.129.92.206,
195,107.183.163.124,США
196,123.179.81.52,Китай
197,19.230.220.58,США
198,210.131.73.160,Япония
199,176.195.54.22,Россия
200,246.201.218.205,
201,8.158.122.33,Китай
202,247.161.7.107,
203,56.18.16.63,США
204,0.231.176.149,
205,104.32.242.38,США
206,222.38.226.190,Китай
207,118.245.60.79,Япония
208,173.151.35.4,США
209,224.175.80.56,
210,66.191.169.238,США
211,19.72.179.243,США
212,48.151.185.135,США
213,89.91.203.145,Франция
214,6.135.198.67,США
215,205.222.219.65,США
216,136.251.7.18,США
217,208.182.229.205,США
218,127.183.81.66,
219,149.1.94.193,США
220,239.201.28.111,
221,95.194.103.165,Швеция
222,105.232.19.102,Намибия
223,112.31.144.7,Китай
224,143.145.54.167,США
225,47.134.233.212,США
226,242.14.155.75,
227,159.175.183.126,Канада
228,156.76.238.180,США
229,135.211.80.79,США
230,222.57.248.16,Китай
231,239.115.33.24,
232,62.161.12.173,Франция
233,73.218.185.211,США
234,242.134.59.245,
235,24.71.145.204,Канада
236,40.177.76.147,США
237,35.66.221.234,США
238,193.212.107.49,Норвегия
239,53.100.161.20,Германия
240,68.93.115.239,США
241,3.73.126.75,США
242,231.1.45.77,
243,174.211.111.89,США
244,133.106.11.219,Япония
245,199.219.162.54,США
246,57.243.5.40,Бельгия
247,69.48.63.19,США
248,164.209.134.90,Польша
249,21.255.184.57,США
250,199.238.10.220,США
251,195.154.124.76,Франция
252,225.254.233.77,
253,236.67.130.110,
254,175.208.36.58,Япония
255,107.106.172.109,США
256,152.164.144.227,США
257,229.171.189.42,
258,23.132.149.133,
259,45.146.208.42,
260,176.69.123.23,Швеция
261,204.113.242.33,США
262,246.190.178.250,
263,157.138.170.202,США
264,213.142.4.173,Швеция
265,67.166.191.71,США
266,101.29.75.244,Китай
267,123.63.94.109,Индия
268,74.153.94.121,США
269,152.216.67.105,Колумбия
270,236.83.113.36,
271,152.149.206.47,Южная Корея
272,196.140.63.75,Египет
273,34.9.203.186,США
274,166.105.192.95,США
275,95.159.154.93,Россия
276,107.160.105.41,США
277,194.64.241.43,Германия
278,195.67.24.141,Швеция
279,124.58.134.80,Южная Корея
280,228.164.109.118,
281,62.207.160.61,Нидерланды
282,234.237.82.51,
283,188.242.192.2,Россия
284,57.50.211.35,Бельгия
285,161.224.245.25,США
286,40.228.50.72,США
287,193.90.141.222,
288,252.250.113.115,
289,77.239.31.37,Босния и Герцеговина
290,16.24.21.243,США
291,107.10.119.138,США
292,90.146.172.103,Австрия
293,195.211.181.133,Узбекистан
294,79.33.56.168,Италия
295,154.86.116.55,Гонконг
296,99.196.221.246,США
297,57.149.26.55,Бельгия
298,156.26.156.228,США
299,149.194.101.101,Австралия
300,198.55.127.49,США
301,11.56.98.122,США
302,162.57.0.1,США
303,219.162.75.235,Япония
304,246.136.52.132,
305,31.241.137.191,Великобритания
306,127.210.132.198,
307,33.11.181.168,США
308,229.236.222.85,
309,99.32.188.129,США
310,100.81.147.171,
311,25.46.70.235,Великобритания
312,15.166.80.218,США
313,147.131.176.245,США
314,224.55.94.58,
315,21.7.103.2,США
316,248.1.203.242,
317,169.69.95.188,США
318,227.186.41.144,
319,200.243.22.94,Бразилия
320,102.154.217.239,Тунис
321,121.159.126.64,Южная Корея
322,81.17.173.35,Казахстан
323,60.176.12.216,Китай
324,53.195.2.216,Германия
325,191.230.174.253,Бразилия
326,220.195.144.156,Китай
327,123.19.202.44,Вьетнам
328,118.83.117.51,Япония
329,88.107.211.71,Великобритания
330,179.44.173.245,Венесуэла
331,7.67.107.99,США
332,89.43.35.1,Румыния
333,247.39.143.243,
334,37.253.61.223,Россия
335,249.168.184.206,
336,139.71.103.81,США
337,83.44.232.111,Испания
338,5.131.184.88,Россия
339,208.58.193.233,США
340,97.28.195.148,США
341,74.253.24.105,США
342,217.136.13.6,Бельгия
343,80.201.119.248,Бельгия
344,143.228.194.87,США
345,172.22.105.142,
346,82.239.52.93,Великобритания
347,137.176.144.229,США
348,138.79.75.218,Австралия
349,156.96.231.210,США
350,97.123.184.10,США
351,69.69.33.171,США
352,137.9.133.186,США
353,86.27.30.107,Великобритания
354,126.104.55.132,Япония
355,110.122.226.255,Китай
356,206.241.14.215,США
357,22.16.36.100,США
358,100.100.169.136,
359,223.143.196.207,Тайвань
360,151.27.8.208,Италия
361,2.209.243.56,Германия
362,157.128.233.249,Австралия
363,156.194.129.4,Египет
364,58.100.27.159,Китай
365,128.121.88.24,США
366,243.147.119.168,
367,101.238.245.186,Китай
368,179.178.212.192,Бразилия
369,96.66.14.68,США
370,119.88.223.141,Китай
371,79.211.227.60,Германия
372,38.71.54.240,США
373,12.88.146.237,США
374,179.106.143.70,Бразилия
375,3.95.136.4,США
376,132.157.145.31,Перу
377,194.13.176.244,Нидерланды
378,42.153.75.206,Малайзия
379,70.98.135.176,США
380,79.88.148.38,Франция
381,127.22.130.82,
382,244.21.251.230,
383,82.123.50.203,Франция
384,252.143.234.246,
385,37.97.129.127,Нидерланды
386,2.108.128.175,Дания
387,31.176.247.156,Босния и Герцеговина
388,18.45.80.176,США
389,148.138.143.39,Швеция
390,229.121.254.35,
391,2.99.94.152,Великобритания
392,91.10.209.144,Германия
393,0.176.17.253,
394,80.1.148.126,Великобритания
395,16.42.107.29,США
396,90.216.179.65,Великобритания
397,74.145.246.95,США
398,154.124.216.106,Сенегал
399,67.199.57.124,США
400,78.189.165.3,Турция
401,174.84.51.249,США
402,139.197.46.187,Китай
403,227.146.5.250,
404,118.163.13.141,Тайвань
405,173.148.48.37,США
406,71.153.56.9,США
407,83.149.108.199,Нидерланды
408,19.254.167.123,США
409,144.15.35.162,США
410,179.179.95.167,Бразилия
411,181.198.96.253,Эквадор
412,241.18.92.6,
413,119.40.25.73,Китай
414,105.116.89.96,Нигерия
415,250.18.171.163,
416,134.161.138.5,Австралия
417,55.199.34.159,США
418,13.75.52.199,Гонконг
419,84.241.108.185,Швейцария
420,94.224.55.104,Бельгия
421,61.79.202.173,Южная Корея
422,216.135.96.19,США
423,42.92.130.6,Китай
424,124.189.64.57,Австралия
425,158.202.251.128,Швеция
426,183.239.122.6,Гонконг
427,253.200.132.41,
428,225.93.173.198,
429,92.83.206.15,Румыния
430,129.222.24.170,США
431,96.99.20.100,США
432,95.186.142.213,Саудовская Аравия
433,79.17.156.86,Италия
434,184.140.9.227,США
435,124.104.111.238,Филиппины
436,190.43.153.147,Перу
437,35.12.221.255,США
438,18.220.140.179,США
439,109.158.8.250,Великобритания
440,132.104.91.172,США
441,164.119.118.71,США
442,4.49.2.94,США
443,137.173.61.184,США
444,114.82.227.77,Китай
445,53.221.154.203,Германия
446,170.241.16.190,США
447,121.19.122.233,Китай
448,26.204.109.209,США
449,36.122.176.105,Индонезия
450,128.142.131.12,Швейцария
451,96.246.203.129,США
452,153.7.165.42,США
453,101.155.109.110,Китай
454,90.78.251.208,Франция
455,208.154.217.162,США
456,211.82.84.5,Китай
457,134.248.201.69,Австралия
458,156.108.104.125,США
459,255.228.54.228,
460,190.23.178.66,Парагвай
461,116.146.6.252,Китай
462,57.98.138.180,Франция
463,228.190.62.140,
464,97.168.254.91,США
465,253.228.26.157,
466,208.39.145.211,США
467,72.211.89.200,США
468,127.153.77.247,
469,54.67.227.30,США
470,53.134.40.64,Германия
471,15.124.237.79,США
472,223.15.186.24,Китай
473,181.250.154.108,Колумбия
474,218.200.123.0,Китай
475,139.87.161.179,США
476,45.235.62.146,Бразилия
477,155.201.232.50,США
478,233.190.72.232,
479,179.241.26.202,Бразилия
480,114.133.224.58,Малайзия
481,218.12.95.180,Китай
482,119.176.247.10,Китай
483,87.143.100.189,Германия
484,116.238.158.164,Китай
485,31.13.91.29,Ирландия
486,50.117.81.40,США
487,235.97.39.198,
488,10.85.225.129,
489,17.50.110.236,США
490,216.194.232.210,США
491,169.146.59.5,США
492,109.20.69.187,Франция
493,22.193.16.179,США
494,119.131.60.4,Китай
495,141.78.44.239,Германия
496,208.231.81.178,США
497,71.213.234.170,США
498,163.42.182.13,Япония
499,91.129.64.33,Швеция
500,81.118.247.141,Италия
501,44.38.9.46,США
502,76.85.157.87,США
503,159.154.125.10,Германия
504,125.123.62.48,Китай
505,56.17.125.97,США
506,175.223.20.120,Япония
507,12.28.237.113,США
508,67.69.232.2,Канада
509,87.65.154.121,Бельгия
510,126.73.28.129,Япония
511,18.220.200.252,США
512,244.208.149.103,
513,5.159.13.157,Испания
514,126.100.115.187,Япония
515,82.178.34.145,Оман
516,171.209.188.136,Китай
517,97.126.56.193,США
518,156.223.132.131,Египет
519,105.212.109.25,ЮАР
520,222.55.197.107,Китай
521,90.204.54.236,Великобритания
522,62.161.26.201,Франция
523,0.81.74.117,
524,37.217.90.90,Саудовская Аравия
525,134.245.222.119,Австралия
526,188.139.100.86,Саудовская Аравия
527,123.36.123.246,Южная Корея
528,199.232.229.205,США
529,123.133.62.200,Китай
530,61.155.126.250,Китай
531,171.20.162.128,Дания
532,115.53.141.169,Китай
533,170.28.107.238,США
534,198.61.214.96,США
535,249.26.107.142,
536,226.66.2.249,
537,23.177.25.184,
538,193.144.169.101,Испания
539,139.235.169.143,Индонезия
540,224.54.248.26,
541,29.245.27.194,США
542,21.39.120.118,США
543,230.111.216.218,
544,102.61.237.171,Египет
545,21.162.151.24,США
546,49.64.196.49,Китай
547,212.179.77.182,Израиль
548,171.88.245.63,Китай
549,75.147.92.31,США
550,152.166.62.29,Доминиканская республика
551,96.6.1.35,США
552,143.48.227.127,США
553,50.84.107.240,США
554,115.28.165.83,Китай
555,102.21.17.70,
556,136.229.142.249,США
557,28.97.25.134,США
558,246.116.66.249,
559,92.15.127.12,Великобритания
560,177.173.16.16,Бразилия
561,145.213.135.53,Нидерланды
562,231.144.28.59,
563,130.103.48.161,США
564,218.22.233.112,Китай
565,186.33.179.49,Эквадор
566,231.114.184.210,
567,54.124.233.45,США
568,176.162.104.60,Франция
569,35.19.110.210,США
570,176.222.149.71,Казахстан
571,190.98.81.218,Суринам
572,210.124.153.87,Южная Корея
573,120.247.9.235,Австралия
574,83.251.218.100,Нидерланды
575,23.114.129.201,США
576,126.224.106.111,Япония
577,206.202.26.143,США
578,198.2.243.248,США
579,90.177.112.210,Чехия
580,25.251.235.222,Великобритания
581,76.30.222.173,США
582,255.41.34.167,
583,63.174.229.20,США
584,68.144.12.192,Канада
585,116.126.55.198,Южная Корея
586,183.74.52.127,Япония
587,107.53.209.88,США
588,123.149.234.239,Китай
589,83.122.231.82,Иран
590,131.89.43.47,США
591,80.131.51.52,Германия
592,84.14.185.73,Франция
593,156.224.3.6,Египет
594,187.214.125.144,Мексика
595,26.174.172.20,США
596,40.200.100.57,США
597,97.209.33.141,США
598,167.26.109.119,США
599,161.238.99.61,Чили
600,233.185.175.156,
601,127.73.95.202,
602,199.92.175.108,США
603,103.48.76.45,Вьетнам
604,215.182.109.87,США
605,138.28.189.160,США
606,95.64.226.3,Россия
607,207.232.231.217,США
608,163.116.61.190,Франция
609,184.93.211.248,США
610,62.131.241.137,Нидерланды
611,224.142.19.244,
612,152.241.45.135,Колумбия
613,19.149.96.130,США
614,67.110.197.253,США
615,69.52.217.121,США
616,144.41.197.171,Германия
617,200.153.60.79,Бразилия
618,215.174.95.24,США
619,168.242.19.198,Бразилия
620,250.192.213.184,
621,21.58.149.247,США
622,102.239.241.161,
623,104.128.177.110,США
624,37.148.68.103,Иран
625,117.131.153.133,Китай
626,213.33.25.99,Австрия
627,164.229.114.243,Польша
628,137.11.173.134,США
629,77.44.146.66,Сирия
630,57.248.175.169,Бельгия
631,42.39.2.234,Южная Корея
632,232.87.103.186,
633,165.218.210.245,США
634,92.7.2.251,Великобритания
635,87.144.118.172,Германия
636,159.90.54.84,Венесуэла
637,128.231.84.216,США
638,72.212.182.168,США
639,233.112.217.82,
640,3.64.81.13,США
641,143.61.81.139,США
642,205.208.182.99,США
643,102.52.163.11,Марокко
644,154.235.163.167,Египет
645,93.245.123.39,Германия
646,110.199.251.175,Таиланд
647,100.241.146.53,США
648,74.86.157.165,США
649,85.208.202.136,Италия
650,85.56.86.249,Испания
651,77.177.60.25,Германия
652,77.27.178.141,Испания
653,137.241.185.136,США
654,50.115.185.96,Канада
655,120.24.5.94,Китай
656,155.43.255.45,США
657,245.142.157.118,
658,124.49.162.174,Южная Корея
659,78.59.182.104,Литва
660,187.61.195.93,Бразилия
661,199.101.95.12,США
662,80.36.26.209,Испания
663,4.251.121.135,США
664,148.41.234.153,США
665,5.218.71.26,Иран
666,218.44.179.150,Япония
667,85.201.98.162,Бельгия
668,59.138.127.195,Япония
669,4.212.198.110,США
670,243.127.55.84,
671,153.210.237.29,Япония
672,124.179.254.20,Австралия
673,242.167.120.238,
674,94.162.119.210,Италия
675,232.86.190.21,
676,231.228.87.41,
677,204.26.235.175,США
678,114.106.71.155,Китай
679,210.107.87.83,Южная Корея
680,37.62.14.231,Бельгия
681,194.92.144.65,Польша
682,41.32.217.191,Египет
683,53.81.213.203,Германия
684,90.42.22.209,Франция
685,41.59.123.154,Танзания
686,129.179.206.217,США
687,84.32.139.214,Литва
688,53.114.87.1,Германия
689,54.135.152.51,США
690,201.79.9.203,Бразилия
691,204.252.112.111,США
692,249.233.246.109,
693,50.126.211.37,США
694,15.121.192.24,США
695,106.105.59.67,Тайвань
696,22.198.119.105,США
697,59.173.155.127,
698,96.138.23.130,США
699,167.228.191.85,Австралия
700,175.187.253.134,Япония
701,95.91.52.96,Германия
702,202.191.107.197,Австралия
703,237.69.206.206,
704,250.122.173.30,
705,175.68.79.70,Китай
706,235.35.225.255,
707,183.194.144.76,Гонконг
708,168.169.103.30,США
709,154.214.118.212,Египет
710,187.148.98.79,Мексика
711,129.247.165.44,Германия
712,248.78.190.247,
713,26.240.148.69,США
714,242.62.138.78,
715,42.196.38.94,Китай
716,115.93.254.80,Южная Корея
717,166.11.215.138,США
718,136.103.192.226,США
719,246.165.139.141,
720,60.183.213.4,Китай
721,52.72.116.228,США
722,220.167.12.15,Китай
723,72.236.42.232,США
724,166.33.93.12,США
725,198.141.211.192,Чехия
726,192.98.16.14,Финляндия
727,174.144.117.184,США
728,244.209.8.243,
729,235.197.210.134,
730,231.248.181.235,
731,9.251.116.231,США
732,114.0.73.204,Индонезия
733,6.112.108.210,США
734,216.31.138.159,США
735,194.69.165.111,
736,111.230.53.52,Китай
737,168.56.94.122,США
738,130.158.244.88,Япония
739,199.140.20.215,США
740,97.250.68.153,США
741,197.15.239.195,Тунис
742,64.234.216.21,США
743,176.73.40.192,Грузия
744,48.228.224.167,США
745,148.156.35.59,США
746,119.171.111.82,Япония
747,129.141.57.178,США
748,88.60.41.61,Италия
749,215.142.123.220,США
750,30.114.11.49,США
751,100.33.234.34,США
752,226.0.210.172,
753,139.97.64.205,Финляндия
754,154.80.31.153,ЮАР
755,255.26.24.143,
756,245.202.51.234,
757,171.105.201.157,Китай
758,216.61.140.189,США
759,214.19.244.107,США
760,115.251.243.79,Австралия
761,172.81.230.124,Китай
762,148.137.17.87,США
763,178.130.49.102,Россия
764,161.233.231.250,США
765,240.67.155.56,
766,52.168.153.202,США
767,197.81.148.105,ЮАР
768,183.107.12.37,Южная Корея
769,144.105.65.105,США
770,148.191.49.55,США
771,200.198.39.254,Бразилия
772,68.132.182.143,США
773,204.147.194.20,США
774,131.134.89.66,Канада
775,192.27.162.102,США
776,211.251.57.250,Южная Корея
777,9.236.48.191,США
778,238.248.147.149,
779,143.179.241.1,Нидерланды
780,118.6.165.127,Япония
781,201.31.219.6,Бразилия
782,137.194.70.103,Франция
783,194.203.229.27,Великобритания
784,229.221.54.203,
785,213.119.180.171,Бельгия
786,98.146.144.81,США
787,117.172.19.70,Китай
788,88.203.13.22,Мальта
789,48.68.7.153,США
790,56.147.63.16,США
791,78.127.121.133,Франция
792,6.252.254.47,США
793,242.106.176.58,
794,32.132.40.71,США
795,188.147.162.148,Польша
796,4.229.243.155,США
797,47.0.85.84,США
798,226.170.7.156,
799,170.239.98.60,Бразилия
800,223.4.184.58,Китай
801,81.198.111.91,Латвия
802,143.233.216.234,Греция
803,6.121.35.56,США
804,72.120.38.149,США
805,21.205.2.250,США
806,199.117.51.93,США
807,92.249.200.196,Великобритания
808,17.31.54.254,США
809,13.37.79.249,США
810,50.242.228.93,США
811,10.101.8.110,
812,56.194.67.182,США
813,176.241.211.190,Турция
814,109.177.40.221,ОАЭ
815,252.98.165.140,
816,100.25.236.243,США
817,44.33.141.122,США
818,167.159.170.228,США
819,94.30.104.202,Великобритания
820,75.47.135.92,США
821,71.32.251.77,США
822,193.78.52.38,Нидерланды
823,131.112.167.151,Япония
824,246.149.244.170,
825,80.235.239.182,Великобритания
826,176.216.59.3,Турция
827,230.36.97.238,
828,48.40.31.15,США
829,190.31.21.123,Аргентина
830,154.242.126.122,Египет
831,88.60.5.254,Италия
832,5.57.6.190,Ливан
833,37.7.176.111,Польша
834,170.160.207.25,США
835,1.21.45.176,Япония
836,206.217.114.4,США
837,125.157.212.75,Южная Корея
838,254.94.27.213,
839,100.63.148.90,США
840,161.5.182.86,Австрия
841,8.103.129.21,США
842,156.76.16.255,США
843,174.217.74.220,США
844,165.109.158.251,США
845,220.42.68.179,Япония
846,130.125.194.184,Швейцария
847,164.159.109.107,Польша
848,21.224.235.99,США
849,228.131.236.203,
850,78.156.232.67,Россия
851,54.153.254.233,Австралия
852,109.189.136.134,Норвегия
853,235.177.234.182,
854,216.53.197.137,США
855,93.198.110.115,Германия
856,10.20.210.221,
857,179.176.17.225,Бразилия
858,156.50.184.219,Австралия
859,164.121.194.180,США
860,213.214.38.182,Бельгия
861,135.23.227.48,Канада
862,217.138.231.114,Великобритания
863,9.230.73.235,США
864,98.91.51.147,США
865,128.192.19.165,США
866,192.37.123.59,Швейцария
867,41.102.186.11,Алжир
868,253.51.133.161,
869,152.34.15.52,США
870,10.131.244.194,
871,175.57.234.54,Китай
872,160.103.42.56,Франция
873,240.179.220.134,
874,29.216.205.59,США
875,123.47.202.116,Южная Корея
876,164.173.224.218,Польша
877,184.132.224.98,США
878,3.146.33.91,США
879,106.224.94.127,Китай
880,126.75.53.228,Япония
881,52.169.138.226,Ирландия
882,122.151.49.75,Австралия
883,174.141.207.161,США
884,222.246.49.65,Китай
885,224.234.185.93,
886,246.94.121.42,
887,19.248.210.40,США
888,186.154.65.249,Колумбия
889,148.127.59.52,США
890,118.198.21.217,Китай
891,218.62.47.141,Китай
892,217.28.221.5,Россия
893,20.47.30.145,США
894,113.146.128.18,Япония
895,191.127.13.49,Чили
896,169.91.175.246,США
897,237.183.116.160,
898,160.191.123.160,Марокко
899,204.102.27.73,США
900,42.255.29.78,Китай
901,5.52.240.147,Иран
902,34.255.130.207,Ирландия
903,30.185.161.238,США
904,27.28.106.228,Китай
905,109.170.121.182,Россия
906,215.183.182.174,США
907,224.49.237.209,
908,125.11.227.101,Япония
909,241.235.170.130,
910,171.128.73.39,США
911,98.138.164.17,США
912,154.168.8.45,Египет
913,142.167.174.139,Канада
914,188.204.134.147,Нидерланды
915,47.180.37.104,США
916,75.227.35.106,США
917,50.3.132.222,Германия
918,156.195.183.77,Египет
919,162.122.128.238,Венесуэла
920,136.20.205.205,США
921,29.218.157.254,США
922,183.201.18.244,Гонконг
923,194.236.70.72,Испания
924,0.147.8.189,
925,143.128.39.203,ЮАР
926,215.9.238.121,США
927,1.101.213.183,Южная Корея
928,118.92.255.68,Новая Зеландия
929,159.246.56.85,Италия
930,52.132.40.131,США
931,211.188.221.190,Южная Корея
932,210.195.104.168,Малайзия
933,198.30.240.236,США
934,46.35.242.178,Украина
935,77.98.55.167,Великобритания
936,39.23.125.53,Южная Корея
937,8.82.73.176,США
938,112.51.39.176,Китай
939,205.15.241.213,США
940,44.125.113.19,США
941,2.254.121.179,Швеция
942,241.192.101.247,
943,216.224.129.152,США
944,130.181.250.88,США
945,251.167.32.76,
946,134.254.149.62,Австралия
947,138.202.134.249,США
948,239.61.117.187,
949,166.193.168.26,США
950,60.3.225.28,Китай
951,9.59.189.208,США
952,41.53.131.225,ЮАР
953,11.96.77.82,США
954,231.147.148.8,
955,196.220.87.180,Нигерия
956,23.187.222.99,США
957,78.143.4.231,Германия
958,127.206.122.191,
959,217.181.191.71,Франция
960,25.56.80.101,Великобритания
961,232.126.144.36,
962,110.217.254.99,Таиланд
963,239.6.154.71,
964,134.168.221.27,Австралия
965,18.73.124.169,США
966,64.123.142.31,США
967,1.25.185.103,Китай
968,163.166.187.154,Великобритания
969,251.253.233.82,
970,32.147.211.242,США
971,241.180.200.51,
972,96.70.198.3,США
973,241.3.120.224,
974,209.127.230.234,Канада
975,200.60.94.186,Перу
976,9.89.153.58,США
977,87.187.219.164,Германия
978,91.15.52.66,Германия
979,60.2.166.25,Китай
980,200.67.15.71,Мексика
981,57.237.139.61,Бельгия
982,190.216.72.38,Аргентина
983,4.191.195.9,США
984,222.74.180.10,Китай
985,177.20.194.192,Бразилия
986,253.156.119.32,
987,203.235.218.48,Австралия
988,190.92.231.174,Аргентина
989,150.145.40.30,Италия
990,182.102.85.167,Китай
991,80.85.124.33,Швеция
992,23.110.244.225,США
993,219.14.104.52,Япония
994,109.189.54.47,
995,240.52.6.99,
996,83.121.170.134,Иран
997,106.29.228.179,Китай
998,147.144.255.18,США
